Designator,Mid X,Mid Y,Rotation,Layer
E22,145.6,-102.665,90.0,top
F1,169.93,-106.81,270.0,top
F2,167.35,-106.85,270.0,top
JST,167.9,-111.74,90.0,top
NP1,145.25979,-111.01,0.0,bottom
NP2,145.2598,-93.22999,0.0,bottom
NP3,133.11459,-104.12,0.0,bottom
R1_2,167.28,-97.8825,90.0,top
R1,169.65,-97.87,90.0,top
